{"cameraMode":{"drawMode":0,"name":"Shaded","section":"Shading Mode"},"sceneLighting":false,"audioPlay":false,"sceneViewState":{"showFog":true,"showMaterialUpdate":false,"showSkybox":true,"showFlares":true,"showImageEffects":true,"showParticleSystems":true},"in2DMode":false,"pivot":{"x":5.960464477539063e-8,"y":0.7138001918792725,"z":0.0},"rotation":{"x":0.04828590527176857,"y":-0.014670904725790024,"z":0.0007099534850567579,"w":0.9987255930900574},"size":3.6159636974334719,"orthographic":false}